donor,tier,year
Sponsor 1,Tournament Sponsor,2023
Sponsor 2,Tournament Sponsor,2024
Sponsor 3,Tournament Sponsor,2025
Sponsor 4,Gold Sponsor,2023
Sponsor 5,Gold Sponsor,2023
Sponsor 6,Gold Sponsor,2024
Sponsor 7,Gold Sponsor,2024
Sponsor 8,Gold Sponsor,2025
Sponsor 9,Gold Sponsor,2025
Sponsor 10,Silver Sponsor,2023
Sponsor 11,Silver Sponsor,2023
Sponsor 12,Silver Sponsor,2023
Sponsor 13,Silver Sponsor,2023
Sponsor 14,Silver Sponsor,2023
Sponsor 15,Silver Sponsor,2023
Sponsor 16,Silver Sponsor,2023
Sponsor 17,Silver Sponsor,2024
Sponsor 18,Silver Sponsor,2024
Sponsor 19,Silver Sponsor,2024
Sponsor 20,Silver Sponsor,2024
Sponsor 21,Silver Sponsor,2024
Sponsor 22,Silver Sponsor,2024
Sponsor 23,Silver Sponsor,2024
Sponsor 24,Silver Sponsor,2024
Sponsor 25,Silver Sponsor,2025
Sponsor 26,Silver Sponsor,2025
Sponsor 27,Silver Sponsor,2025
Sponsor 28,Silver Sponsor,2025
Sponsor 29,Silver Sponsor,2025
Sponsor 30,Silver Sponsor,2025
Sponsor 31,Silver Sponsor,2025
Sponsor 32,Silver Sponsor,2025
Sponsor 33,Bronze Sponsor,2023
Sponsor 34,Bronze Sponsor,2023
Sponsor 35,Bronze Sponsor,2023
Sponsor 36,Bronze Sponsor,2023
Sponsor 37,Bronze Sponsor,2023
Sponsor 38,Bronze Sponsor,2023
Sponsor 39,Bronze Sponsor,2023
Sponsor 40,Bronze Sponsor,2023
Sponsor 41,Bronze Sponsor,2023
Sponsor 42,Bronze Sponsor,2023
Sponsor 43,Bronze Sponsor,2023
Sponsor 44,Bronze Sponsor,2023
Sponsor 45,Bronze Sponsor,2024
Sponsor 46,Bronze Sponsor,2024
Sponsor 47,Bronze Sponsor,2024
Sponsor 48,Bronze Sponsor,2024
Sponsor 49,Bronze Sponsor,2024
Sponsor 50,Bronze Sponsor,2024
Sponsor 51,Bronze Sponsor,2024
Sponsor 52,Bronze Sponsor,2024
Sponsor 53,Bronze Sponsor,2024
Sponsor 54,Bronze Sponsor,2024
Sponsor 55,Bronze Sponsor,2024
Sponsor 56,Bronze Sponsor,2025
Sponsor 57,Bronze Sponsor,2025
Sponsor 58,Bronze Sponsor,2025
Sponsor 59,Bronze Sponsor,2025
Sponsor 60,Bronze Sponsor,2025
Sponsor 61,Bronze Sponsor,2025
Sponsor 62,Bronze Sponsor,2025
Sponsor 63,Bronze Sponsor,2025
Sponsor 64,Bronze Sponsor,2025
Sponsor 65,Bronze Sponsor,2025
Sponsor 66,Tee Box Sponsor,2023
Sponsor 67,Tee Box Sponsor,2023
Sponsor 68,Tee Box Sponsor,2023
Sponsor 69,Tee Box Sponsor,2023
Sponsor 70,Tee Box Sponsor,2023
Sponsor 71,Tee Box Sponsor,2023
Sponsor 72,Tee Box Sponsor,2023
Sponsor 73,Tee Box Sponsor,2023
Sponsor 74,Tee Box Sponsor,2023
Sponsor 75,Tee Box Sponsor,2023
Sponsor 76,Tee Box Sponsor,2023
Sponsor 77,Tee Box Sponsor,2023
Sponsor 78,Tee Box Sponsor,2023
Sponsor 79,Tee Box Sponsor,2023
Sponsor 80,Tee Box Sponsor,2023
Sponsor 81,Tee Box Sponsor,2023
Sponsor 82,Tee Box Sponsor,2023
Sponsor 83,Tee Box Sponsor,2023
Sponsor 84,Tee Box Sponsor,2023
Sponsor 85,Tee Box Sponsor,2023
Sponsor 86,Tee Box Sponsor,2023
Sponsor 87,Tee Box Sponsor,2023
Sponsor 88,Tee Box Sponsor,2023
Sponsor 89,Tee Box Sponsor,2023
Sponsor 90,Tee Box Sponsor,2023
Sponsor 91,Tee Box Sponsor,2023
Sponsor 92,Tee Box Sponsor,2023
Sponsor 93,Tee Box Sponsor,2023
Sponsor 94,Tee Box Sponsor,2023
Sponsor 95,Tee Box Sponsor,2023
Sponsor 96,Tee Box Sponsor,2023
Sponsor 97,Tee Box Sponsor,2023
Sponsor 98,Tee Box Sponsor,2023
Sponsor 99,Tee Box Sponsor,2023
Sponsor 100,Tee Box Sponsor,2023
Sponsor 101,Tee Box Sponsor,2023
Sponsor 102,Tee Box Sponsor,2023
Sponsor 103,Tee Box Sponsor,2023
Sponsor 104,Tee Box Sponsor,2023
Sponsor 105,Tee Box Sponsor,2023
Sponsor 106,Tee Box Sponsor,2023
Sponsor 107,Tee Box Sponsor,2023
Sponsor 108,Tee Box Sponsor,2023
Sponsor 109,Tee Box Sponsor,2023
Sponsor 110,Tee Box Sponsor,2023
Sponsor 111,Tee Box Sponsor,2023
Sponsor 112,Tee Box Sponsor,2023
Sponsor 113,Tee Box Sponsor,2023
Sponsor 114,Tee Box Sponsor,2023
Sponsor 115,Tee Box Sponsor,2023
Sponsor 116,Tee Box Sponsor,2023
Sponsor 117,Tee Box Sponsor,2023
Sponsor 118,Tee Box Sponsor,2023
Sponsor 119,Tee Box Sponsor,2023
Sponsor 120,Tee Box Sponsor,2023
Sponsor 121,Tee Box Sponsor,2023
Sponsor 122,Tee Box Sponsor,2023
Sponsor 123,Tee Box Sponsor,2023
Sponsor 124,Tee Box Sponsor,2023
Sponsor 125,Tee Box Sponsor,2023
Sponsor 126,Tee Box Sponsor,2023
Sponsor 127,Tee Box Sponsor,2023
Sponsor 128,Tee Box Sponsor,2023
Sponsor 129,Tee Box Sponsor,2023
Sponsor 130,Tee Box Sponsor,2023
Sponsor 131,Tee Box Sponsor,2023
Sponsor 132,Tee Box Sponsor,2023
Sponsor 133,Tee Box Sponsor,2023
Sponsor 134,Tee Box Sponsor,2023
Sponsor 135,Tee Box Sponsor,2023
Sponsor 136,Tee Box Sponsor,2023
Sponsor 137,Tee Box Sponsor,2023
Sponsor 138,Tee Box Sponsor,2023
Sponsor 139,Tee Box Sponsor,2023
Sponsor 140,Tee Box Sponsor,2023
Sponsor 141,Tee Box Sponsor,2023
Sponsor 142,Tee Box Sponsor,2023
Sponsor 143,Tee Box Sponsor,2023
Sponsor 144,Tee Box Sponsor,2023
Sponsor 145,Tee Box Sponsor,2023
Sponsor 146,Tee Box Sponsor,2023
Sponsor 147,Tee Box Sponsor,2023
Sponsor 148,Tee Box Sponsor,2023
Sponsor 149,Tee Box Sponsor,2024
Sponsor 150,Tee Box Sponsor,2024
Sponsor 151,Tee Box Sponsor,2024
Sponsor 152,Tee Box Sponsor,2024
Sponsor 153,Tee Box Sponsor,2024
Sponsor 154,Tee Box Sponsor,2024
Sponsor 155,Tee Box Sponsor,2024
Sponsor 156,Tee Box Sponsor,2024
Sponsor 157,Tee Box Sponsor,2024
Sponsor 158,Tee Box Sponsor,2024
Sponsor 159,Tee Box Sponsor,2024
Sponsor 160,Tee Box Sponsor,2024
Sponsor 161,Tee Box Sponsor,2024
Sponsor 162,Tee Box Sponsor,2024
Sponsor 163,Tee Box Sponsor,2024
Sponsor 164,Tee Box Sponsor,2024
Sponsor 165,Tee Box Sponsor,2024
Sponsor 166,Tee Box Sponsor,2024
Sponsor 167,Tee Box Sponsor,2024
Sponsor 168,Tee Box Sponsor,2024
Sponsor 169,Tee Box Sponsor,2024
Sponsor 170,Tee Box Sponsor,2024
Sponsor 171,Tee Box Sponsor,2024
Sponsor 172,Tee Box Sponsor,2024
Sponsor 173,Tee Box Sponsor,2024
Sponsor 174,Tee Box Sponsor,2024
Sponsor 175,Tee Box Sponsor,2024
Sponsor 176,Tee Box Sponsor,2024
Sponsor 177,Tee Box Sponsor,2024
Sponsor 178,Tee Box Sponsor,2024
Sponsor 179,Tee Box Sponsor,2024
Sponsor 180,Tee Box Sponsor,2024
Sponsor 181,Tee Box Sponsor,2024
Sponsor 182,Tee Box Sponsor,2024
Sponsor 183,Tee Box Sponsor,2024
Sponsor 184,Tee Box Sponsor,2024
Sponsor 185,Tee Box Sponsor,2024
Sponsor 186,Tee Box Sponsor,2024
Sponsor 187,Tee Box Sponsor,2024
Sponsor 188,Tee Box Sponsor,2024
Sponsor 189,Tee Box Sponsor,2024
Sponsor 190,Tee Box Sponsor,2024
Sponsor 191,Tee Box Sponsor,2024
Sponsor 192,Tee Box Sponsor,2024
Sponsor 193,Tee Box Sponsor,2024
Sponsor 194,Tee Box Sponsor,2024
Sponsor 195,Tee Box Sponsor,2024
Sponsor 196,Tee Box Sponsor,2024
Sponsor 197,Tee Box Sponsor,2024
Sponsor 198,Tee Box Sponsor,2024
Sponsor 199,Tee Box Sponsor,2024
Sponsor 200,Tee Box Sponsor,2024
Sponsor 201,Tee Box Sponsor,2024
Sponsor 202,Tee Box Sponsor,2024
Sponsor 203,Tee Box Sponsor,2024
Sponsor 204,Tee Box Sponsor,2024
Sponsor 205,Tee Box Sponsor,2024
Sponsor 206,Tee Box Sponsor,2024
Sponsor 207,Tee Box Sponsor,2024
Sponsor 208,Tee Box Sponsor,2024
Sponsor 209,Tee Box Sponsor,2024
Sponsor 210,Tee Box Sponsor,2024
Sponsor 211,Tee Box Sponsor,2024
Sponsor 212,Tee Box Sponsor,2024
Sponsor 213,Tee Box Sponsor,2024
Sponsor 214,Tee Box Sponsor,2024
Sponsor 215,Tee Box Sponsor,2024
Sponsor 216,Tee Box Sponsor,2024
Sponsor 217,Tee Box Sponsor,2024
Sponsor 218,Tee Box Sponsor,2024
Sponsor 219,Tee Box Sponsor,2024
Sponsor 220,Tee Box Sponsor,2024
Sponsor 221,Tee Box Sponsor,2024
Sponsor 222,Tee Box Sponsor,2024
Sponsor 223,Tee Box Sponsor,2024
Sponsor 224,Tee Box Sponsor,2024
Sponsor 225,Tee Box Sponsor,2024
Sponsor 226,Tee Box Sponsor,2024
Sponsor 227,Tee Box Sponsor,2024
Sponsor 228,Tee Box Sponsor,2024
Sponsor 229,Tee Box Sponsor,2024
Sponsor 230,Tee Box Sponsor,2024
Sponsor 231,Tee Box Sponsor,2025
Sponsor 232,Tee Box Sponsor,2025
Sponsor 233,Tee Box Sponsor,2025
Sponsor 234,Tee Box Sponsor,2025
Sponsor 235,Tee Box Sponsor,2025
Sponsor 236,Tee Box Sponsor,2025
Sponsor 237,Tee Box Sponsor,2025
Sponsor 238,Tee Box Sponsor,2025
Sponsor 239,Tee Box Sponsor,2025
Sponsor 240,Tee Box Sponsor,2025
Sponsor 241,Tee Box Sponsor,2025
Sponsor 242,Tee Box Sponsor,2025
Sponsor 243,Tee Box Sponsor,2025
Sponsor 244,Tee Box Sponsor,2025
Sponsor 245,Tee Box Sponsor,2025
Sponsor 246,Tee Box Sponsor,2025
Sponsor 247,Tee Box Sponsor,2025
Sponsor 248,Tee Box Sponsor,2025
Sponsor 249,Tee Box Sponsor,2025
Sponsor 250,Tee Box Sponsor,2025
Sponsor 251,Tee Box Sponsor,2025
Sponsor 252,Tee Box Sponsor,2025
Sponsor 253,Tee Box Sponsor,2025
Sponsor 254,Tee Box Sponsor,2025
Sponsor 255,Tee Box Sponsor,2025
Sponsor 256,Tee Box Sponsor,2025
Sponsor 257,Tee Box Sponsor,2025
Sponsor 258,Tee Box Sponsor,2025
Sponsor 259,Tee Box Sponsor,2025
Sponsor 260,Tee Box Sponsor,2025
Sponsor 261,Tee Box Sponsor,2025
Sponsor 262,Tee Box Sponsor,2025
Sponsor 263,Tee Box Sponsor,2025
Sponsor 264,Tee Box Sponsor,2025
Sponsor 265,Tee Box Sponsor,2025
Sponsor 266,Tee Box Sponsor,2025
Sponsor 267,Tee Box Sponsor,2025
Sponsor 268,Tee Box Sponsor,2025
Sponsor 269,Tee Box Sponsor,2025
Sponsor 270,Tee Box Sponsor,2025
Sponsor 271,Tee Box Sponsor,2025
Sponsor 272,Tee Box Sponsor,2025
Sponsor 273,Tee Box Sponsor,2025
Sponsor 274,Tee Box Sponsor,2025
Sponsor 275,Tee Box Sponsor,2025
Sponsor 276,Tee Box Sponsor,2025
Sponsor 277,Tee Box Sponsor,2025
Sponsor 278,Tee Box Sponsor,2025
Sponsor 279,Tee Box Sponsor,2025
Sponsor 280,Tee Box Sponsor,2025
Sponsor 281,Tee Box Sponsor,2025
Sponsor 282,Tee Box Sponsor,2025
Sponsor 283,Tee Box Sponsor,2025
Sponsor 284,Tee Box Sponsor,2025
Sponsor 285,Tee Box Sponsor,2025
Sponsor 286,Tee Box Sponsor,2025
Sponsor 287,Tee Box Sponsor,2025
Sponsor 288,Tee Box Sponsor,2025
Sponsor 289,Tee Box Sponsor,2025
Sponsor 290,Tee Box Sponsor,2025
Sponsor 291,Tee Box Sponsor,2025
Sponsor 292,Tee Box Sponsor,2025
Sponsor 293,Tee Box Sponsor,2025
Sponsor 294,Tee Box Sponsor,2025
Sponsor 295,Tee Box Sponsor,2025
Sponsor 296,Tee Box Sponsor,2025
Sponsor 297,Tee Box Sponsor,2025
Sponsor 298,Tee Box Sponsor,2025
Sponsor 299,Tee Box Sponsor,2025
Sponsor 300,Tee Box Sponsor,2025
Sponsor 301,Tee Box Sponsor,2025
Sponsor 302,Tee Box Sponsor,2025
Sponsor 303,Tee Box Sponsor,2025
Sponsor 304,Tee Box Sponsor,2025
Sponsor 305,Tee Box Sponsor,2025
Sponsor 306,Tee Box Sponsor,2025
Sponsor 307,Tee Box Sponsor,2025
Sponsor 308,Tee Box Sponsor,2025
Sponsor 309,Tee Box Sponsor,2025
Sponsor 310,Tee Box Sponsor,2025